{
    "Sun":
    
     {
        "name": "Sun",
        "parent": null,
        "texture": "assets/sun.jpg",

        "mass": 1989100000e21,
        "radius": 696342,

        "rotationPeriod": 2164320
     },

    "Planet": {
        
        "Mercury": {
            "name": "Mercury",
            "type": "Planet",
            "parent": "Sun",
            "texture": "assets/mercury.jpg",
            "color": "gray",

            "mass": 330.11e21,
            "radius": 2440,
            "a": 0.38709843,
            "da": 0,
            "e": 0.20563661,
            "de": 0.00002123,
            "i": 7.00559432,
            "di": -0.00590158,
            "L": 252.25166724,
            "dL": 149472.67486623,
            "lop": 77.45771895,
            "dlop": 0.15940013,
            "loan": 48.33961819,
            "dloan": -0.12214182,
            "argperi": 29.124,

            "rotationPeriod": 5067000
        },

        "Venus": {
            "name": "Venus",
            "type": "Planet",
            "parent": "Sun",
            "texture": "assets/venus.jpg",
            "color": "sandybrown",

            "mass": 4867.5e21,
            "radius": 6052,
            "a": 0.72332102,
            "da": -0.00000026,
            "e": 0.00676399,
            "de": -0.00005107,
            "i": 3.39777545,
            "di": 0.00043494,
            "L": 181.97970850,
            "dL": 58517.81560260,
            "lop": 131.76755713,
            "dlop": 0.05679648,
            "loan": 76.67261496,
            "dloan": -0.27274174,
            "argperi": 54.884,

            "rotationPeriod": -20997152.64
        },

        "Earth": {
            "name": "Earth",
            "type": "Planet",
            "parent": "Sun",
            "texture": "assets/earth_8k.jpg",
            "color": "royalblue",

            "mass": 5972.4e21,
            "radius": 6371,
            "a": 1.00000018,
            "da": -0.00000003,
            "e": 0.01673163,
            "de": -0.00003661,
            "i": -0.00054346,
            "di": -0.01337178,
            "L": 100.46691572,
            "dL": 35999.37306329,
            "lop": 102.93005885,
            "dlop": 0.31795260,
            "loan": -5.11260389,
            "dloan": -0.24123856,
            "argperi": 114.207,

            "rotationPeriod": 86164.1
        },

        "Mars": {
            "name": "Mars",
            "type": "Planet",
            "parent": "Sun",
            "texture": "assets/mars.jpg",
            "color": "orangered",

            "mass": 641.71e21,
            "radius": 3390,
            "a": 1.52371243,
            "da": 0.00000097,
            "e": 0.09336511,
            "de": 0.00009149,
            "i": 1.85181869,
            "di": -0.00724757,
            "L": -4.56813164,
            "dL": 19140.29934243,
            "lop": -23.91744784,
            "dlop": 0.45223625,
            "loan": 49.71320984,
            "dloan": -0.26852431,
            "argperi": 286.5,

            "rotationPeriod": 88642.7
        },

        "Jupiter": {
            "name": "Jupiter",
            "type": "Planet",
            "parent": "Sun",
            "texture": "assets/jupiter.jpg",
            "color": "blanchedalmond",

            "mass": 1898187e21,
            "radius": 69911,
            "a": 5.20248019,
            "da": -0.00002864,
            "e": 0.04853590,
            "de": 0.00018026,
            "i": 1.29861416,
            "di": -0.00322699,
            "L": 34.33479152,
            "dL": 3034.90371757,
            "lop": 14.27495244,
            "dlop": 0.18199196,
            "loan": 100.29282654,
            "dloan": 0.13024619,
            "argperi": 29.124,

            "rotationPeriod": 35732.88
        },

        "Saturn": {
            "name": "Saturn",
            "type": "Planet",
            "parent": "Sun",
            "texture": "assets/saturn.jpg",
            "ringTexture": "assets/saturn_rings.png",
            "color": "bisque",

            "mass": 568317e21,
            "radius": 58232,
            "a": 9.54149883,
            "da": -0.00003065,
            "e": 0.05550825,
            "de": -0.00032044,
            "i": 2.49424102,
            "di": 0.00451969,
            "L": 50.07571329,
            "dL": 1222.11494724,
            "lop": 92.86136063,
            "dlop": 0.54179478,
            "loan": 113.63998702,
            "dloan": -0.25015002,
            "argperi": 339.392,

            "rotationPeriod": 38018
        }
        
    },

    "Moon": {

        "Ganymede": {
            "name": "Ganymede",
            "type": "Moon",
            "parent": "Jupiter",
            "texture": "assets/ganymede.jpg",
            "color": "rosybrown",

            "mass": 148.2e21,
            "radius": 2634,
            "a": 0.007155182056,
            "da": 0,
            "e": 0.0013,
            "de": 0,
            "i": 2.214,
            "di": 0,
            "L": 0.001,
            "dL": 0,
            "lop": 0.001,
            "dlop": 0,
            "loan": 0.001,
            "dloan": 0,
            "argperi": 0,
            
            "rotationPeriod": 618153.38
            
        },

        "Io": {
            "name": "Io",
            "type": "Moon",
            "parent": "Jupiter",
            "texture": "assets/io.jpg",
            "color": "goldenrod",

            "mass": 8.932e22,
            "radius": 1821.6,
            "a": 0.002819,
            "da": 0,
            "e": 0.0041,
            "de": 0,
            "i": 2.213,
            "di": 0,
            "L": 0.001,
            "dL": 0,
            "lop": 0.001,
            "dlop": 0,
            "loan": 0.001,
            "dloan": 0,
            "argperi": 0,
            
            "rotationPeriod": 152853.5
            
        },
        
        "Moon": {
            "name": "Moon",
            "type": "Moon",
            "parent": "Earth",
            "texture": "assets/moon.jpg",
            "color": "white",
            
            "mass": 73.46e21,
            "radius": 1737,
            "a": 0.00257,
            "da": 0,
            "e": 0.0549,
            "de": 0,
            "i": 5.145,
            "di": 0,
            "L": 0.001,
            "dL": 0,
            "lop": 0.001,
            "dlop": 0,
            "loan": 0.001,
            "dloan": 0,
            "argperi": 0,

            "rotationPeriod": 2360591.51

        },

        "Europa": {
            "name": "Europa",
            "type": "Moon",
            "parent": "Jupiter",
            "texture": "assets/europa.jpg",
            "color": "ghostwhite",

            "mass": 4.8e22,
            "radius": 1560.8,
            "a": 0.004484689,
            "da": 0,
            "e": 0.009,
            "de": 0,
            "i": 1.791,
            "di": 0,
            "L": 0.001,
            "dL": 0,
            "lop": 0.001,
            "dlop": 0,
            "loan": 0.001,
            "dloan": 0,
            "argperi": 0,
            
            "rotationPeriod": 306822
            
        }

    }

}