{
    "Sun":
    
     {
        "name": "Sun",
        "parent": null,
        "texture": "assets/sun.jpg",

        "radius": 696342,

        "rotationPeriod": 2164320
     },

    "Planet": {
        
        "Mercury": {
            "name": "Mercury",
            "parent": "Sun",
            "texture": "assets/mercury.jpg",
            "color": "gray",

            "radius": 2440,
            "a": 0.38709843,
            "da": 0,
            "e": 0.20563661,
            "de": 0.00002123,
            "i": 7.00559432,
            "di": -0.00590158,
            "L": 252.25166724,
            "dL": 149472.67486623,
            "argperi_0": 77.45771895,
            "dargperi_0": 0.15940013,
            "loan": 48.33961819,
            "dloan": -0.12214182,
            "argperi": 29.124,

            "rotationPeriod": 5067000
        },

        "Venus": {
            "name": "Venus",
            "parent": "Sun",
            "texture": "assets/venus.jpg",
            "color": "sandybrown",

            "radius": 6052,
            "a": 0.72332102,
            "da": -0.00000026,
            "e": 0.00676399,
            "de": -0.00005107,
            "i": 3.39777545,
            "di": 0.00043494,
            "L": 181.97970850,
            "dL": 58517.81560260,
            "argperi_0": 131.76755713,
            "dargperi_0": 0.05679648,
            "loan": 76.67261496,
            "dloan": -0.27274174,
            "argperi": 54.884,

            "rotationPeriod": -20997152.64
        },

        "Earth": {
            "name": "Earth",
            "parent": "Sun",
            "texture": "assets/earth.jpg",
            "color": "royalblue",

            "radius": 6371,
            "a": 1.00000018,
            "da": -0.00000003,
            "e": 0.01673163,
            "de": -0.00003661,
            "i": -0.00054346,
            "di": -0.01337178,
            "L": 100.46691572,
            "dL": 35999.37306329,
            "argperi_0": 102.93005885,
            "dargperi_0": 0.31795260,
            "loan": -5.11260389,
            "dloan": -0.24123856,
            "argperi": 114.207,

            "rotationPeriod": 86164.1
        },

        "Mars": {
            "name": "Mars",
            "parent": "Sun",
            "texture": "assets/mars.jpg",
            "color": "orangered",

            "radius": 3390,
            "a": 1.52371243,
            "da": 0.00000097,
            "e": 0.09336511,
            "de": 0.00009149,
            "i": 1.85181869,
            "di": -0.00724757,
            "L": -4.56813164,
            "dL": 19140.29934243,
            "argperi_0": -23.91744784,
            "dargperi_0": 0.45223625,
            "loan": 49.71320984,
            "dloan": -0.26852431,
            "argperi": 286.5,

            "rotationPeriod": 88642.7
        },

        "Jupiter": {
            "name": "Jupiter",
            "parent": "Sun",
            "texture": "assets/jupiter.jpg",
            "color": "blanchedalmond",

            "radius": 69911,
            "a": 5.20248019,
            "da": -0.00002864,
            "e": 0.04853590,
            "de": 0.00018026,
            "i": 1.29861416,
            "di": -0.00322699,
            "L": 34.33479152,
            "dL": 3034.90371757,
            "argperi_0": 14.27495244,
            "dargperi_0": 0.18199196,
            "loan": 100.29282654,
            "dloan": 0.13024619,
            "argperi": 29.124,

            "rotationPeriod": 35732.88
        }
        
    },

    "Moon": {

        "Moon": {
            "parent": "Earth"
        }

    }

}